id,username,email,created_at
1,younguplink15,younguplink15@hackstack.io,2025-07-07 20:53:59
2,vividzenith16,vividzenith16@opswise.net,2024-12-14 21:23:21
3,goldanchor53,goldanchor53@acme.dev,2024-05-17 17:42:00
4,silverriver71,silverriver71@acme.dev,2025-09-01 02:54:17
5,amberharvest42,amberharvest42@acme.dev,2025-08-23 20:47:47
6,silverengine05,silverengine05@hackstack.io,2025-11-27 10:28:14
7,tidyzenith85,tidyzenith85@example.com,2024-12-20 22:23:07
8,silvervalley04,silvervalley04@acme.dev,2025-05-13 12:40:22
9,clearuplink03,clearuplink03@acme.dev,2025-02-28 15:43:10
10,goldwindow75,goldwindow75@example.com,2024-06-09 22:45:06
11,forestmeadow75,forestmeadow75@relay.cloud,2024-04-16 11:15:34
12,amberorbit38,amberorbit38@relay.cloud,2024-03-10 12:04:17
13,ambercanyon06,ambercanyon06@relay.cloud,2025-03-20 11:13:32
14,keenanchor88,keenanchor88@acme.dev,2025-03-19 14:56:47
15,mellowquartz87,mellowquartz87@opswise.net,2025-06-06 22:01:30
16,proudengine81,proudengine81@example.com,2025-08-04 02:17:41
17,forestriver69,forestriver69@example.com,2024-11-27 09:46:00
18,keensignal27,keensignal27@acme.dev,2024-08-14 21:19:02
19,harbormeadow03,harbormeadow03@opswise.net,2024-11-19 11:23:04
20,navyisland32,navyisland32@seeded.app,2024-07-25 23:41:21
21,forestmeadow05,forestmeadow05@seeded.app,2025-11-29 18:22:46
22,cobaltuplink97,cobaltuplink97@acme.dev,2025-05-06 00:07:36
23,youngengine45,youngengine45@acme.dev,2025-07-08 13:44:08
24,clearriver66,clearriver66@acme.dev,2024-03-24 21:03:30
25,harborharvest56,harborharvest56@relay.cloud,2024-01-15 17:49:38
26,dawnorbit59,dawnorbit59@relay.cloud,2024-01-21 22:37:06
27,amberpioneer44,amberpioneer44@relay.cloud,2026-01-05 03:31:14
28,jadebeacon67,jadebeacon67@example.com,2025-11-01 17:36:57
29,briskanchor58,briskanchor58@acme.dev,2024-01-18 04:43:57
30,embergarden87,embergarden87@hackstack.io,2024-04-27 00:51:29
31,navyvalley15,navyvalley15@acme.dev,2026-01-13 14:11:23
32,vividlagoon67,vividlagoon67@seeded.app,2024-02-23 07:40:00
33,vividzenith19,vividzenith19@opswise.net,2024-12-17 02:51:42
34,urbanfield88,urbanfield88@opswise.net,2025-02-02 01:53:03
35,navynetwork57,navynetwork57@relay.cloud,2025-12-15 18:29:29
36,calmbeacon31,calmbeacon31@seeded.app,2024-08-10 13:30:15
37,opalsignal41,opalsignal41@relay.cloud,2025-09-02 15:52:51
38,livelygarden16,livelygarden16@seeded.app,2025-11-08 20:33:40
39,mellowanchor30,mellowanchor30@opswise.net,2026-01-08 02:57:56
40,opalnetwork07,opalnetwork07@opswise.net,2025-06-04 12:00:39
41,emberbeacon65,emberbeacon65@acme.dev,2025-08-17 12:26:48
42,youngvalley49,youngvalley49@example.com,2024-10-01 04:27:01
43,tidydelta08,tidydelta08@acme.dev,2025-04-24 20:50:57
44,mellowsignal38,mellowsignal38@opswise.net,2026-01-31 18:21:51
45,silverisland72,silverisland72@seeded.app,2024-11-04 21:07:43
46,briskpioneer60,briskpioneer60@hackstack.io,2024-07-04 01:33:59
47,harboranchor95,harboranchor95@acme.dev,2026-01-08 08:00:14
48,urbanuplink88,urbanuplink88@seeded.app,2024-10-30 12:18:31
49,navyriver86,navyriver86@example.com,2024-02-23 09:25:48
50,embercanyon88,embercanyon88@relay.cloud,2024-06-28 02:46:46
51,proudwindow63,proudwindow63@hackstack.io,2025-12-02 08:28:42
52,goldharvest22,goldharvest22@relay.cloud,2025-11-06 03:55:46
53,goldtrail63,goldtrail63@hackstack.io,2025-05-07 23:01:53
54,navyriver11,navyriver11@acme.dev,2025-12-10 13:02:51
55,mellowwindow97,mellowwindow97@hackstack.io,2025-07-19 12:48:30
56,youngmeadow03,youngmeadow03@opswise.net,2025-03-08 03:08:28
57,vividjourney20,vividjourney20@example.com,2024-04-30 06:55:45
58,urbanjourney04,urbanjourney04@acme.dev,2024-08-30 17:31:07
59,calmzenith72,calmzenith72@acme.dev,2025-10-23 12:00:28
60,ambercanyon76,ambercanyon76@acme.dev,2024-10-02 08:50:40
61,briskvalley28,briskvalley28@example.com,2024-09-11 18:38:24
62,forestorbit13,forestorbit13@acme.dev,2024-06-07 11:35:54
63,navygarden81,navygarden81@relay.cloud,2025-03-03 23:31:00
64,livelyzenith12,livelyzenith12@example.com,2025-03-08 03:54:39
65,dawnfield35,dawnfield35@opswise.net,2024-03-22 04:46:13
66,opalanchor97,opalanchor97@hackstack.io,2024-07-02 04:55:54
67,harborkernel51,harborkernel51@acme.dev,2025-11-28 08:08:55
68,cobaltdelta96,cobaltdelta96@example.com,2024-06-10 20:13:47
69,navyjourney86,navyjourney86@opswise.net,2024-07-01 16:59:50
70,harborpioneer85,harborpioneer85@opswise.net,2024-04-06 18:34:54
71,calmanchor68,calmanchor68@relay.cloud,2025-12-22 16:49:10
72,warmkernel52,warmkernel52@opswise.net,2025-10-15 20:49:39
73,tidyyard15,tidyyard15@acme.dev,2024-10-02 23:47:15
74,dawngarden57,dawngarden57@example.com,2025-12-25 21:50:45
75,forestwindow41,forestwindow41@opswise.net,2025-04-10 05:16:06
76,jadeanchor19,jadeanchor19@hackstack.io,2025-09-01 05:34:15
77,youngkernel86,youngkernel86@relay.cloud,2025-12-08 17:25:10
78,warmpioneer12,warmpioneer12@hackstack.io,2024-09-27 18:34:29
79,calmkernel84,calmkernel84@opswise.net,2025-04-01 03:59:27
80,livelyyard42,livelyyard42@seeded.app,2025-02-16 12:21:01
81,opalisland91,opalisland91@seeded.app,2025-09-01 08:18:53
82,urbanlagoon35,urbanlagoon35@example.com,2025-09-25 19:01:43
83,calmgarden61,calmgarden61@example.com,2025-09-25 19:33:13
84,ambersignal35,ambersignal35@relay.cloud,2025-03-19 06:52:22
85,harborgarden37,harborgarden37@hackstack.io,2025-04-09 19:57:11
86,clearmeadow66,clearmeadow66@seeded.app,2025-08-24 05:59:40
87,dawnwindow87,dawnwindow87@hackstack.io,2024-03-31 10:35:07
88,goldpioneer19,goldpioneer19@seeded.app,2025-02-27 13:41:37
89,silveranchor78,silveranchor78@hackstack.io,2025-06-13 13:54:55
90,warmwindow26,warmwindow26@acme.dev,2024-10-12 17:18:58
91,vividpioneer04,vividpioneer04@relay.cloud,2024-05-19 11:45:20
92,quietjourney07,quietjourney07@seeded.app,2024-08-03 07:54:39
93,goldtrail17,goldtrail17@seeded.app,2024-07-11 23:22:27
94,jadecanyon50,jadecanyon50@hackstack.io,2026-01-31 09:40:22
95,cleartrail60,cleartrail60@hackstack.io,2025-08-11 18:51:10
96,urbantrail39,urbantrail39@seeded.app,2025-02-22 04:22:51
97,quietdelta64,quietdelta64@opswise.net,2025-10-02 16:36:25
98,navywindow27,navywindow27@seeded.app,2024-06-06 09:39:42
99,calmpioneer07,calmpioneer07@relay.cloud,2026-01-01 14:40:53
100,silversignal49,silversignal49@example.com,2025-01-13 05:16:22
101,opalriver86,opalriver86@relay.cloud,2025-11-01 19:29:18
102,harborquartz44,harborquartz44@opswise.net,2024-08-10 09:41:00
103,dawndelta02,dawndelta02@hackstack.io,2025-02-17 05:48:41
104,harborriver31,harborriver31@example.com,2024-12-02 16:31:45
105,vividwindow91,vividwindow91@example.com,2025-10-03 15:37:07
106,opalnetwork64,opalnetwork64@hackstack.io,2025-03-27 04:47:28
107,amberjourney86,amberjourney86@hackstack.io,2024-12-03 22:56:18
108,navyfield16,navyfield16@seeded.app,2025-12-07 04:39:22
109,harborfield98,harborfield98@seeded.app,2025-05-16 06:54:11
110,calmwindow40,calmwindow40@opswise.net,2025-10-26 09:18:37
111,forestsignal96,forestsignal96@opswise.net,2024-03-23 03:35:49
112,vividyard94,vividyard94@example.com,2025-08-07 20:45:31
113,urbanlagoon77,urbanlagoon77@relay.cloud,2025-09-07 15:27:18
114,amberyard80,amberyard80@hackstack.io,2024-05-06 17:49:37
115,mellowlagoon83,mellowlagoon83@acme.dev,2024-06-28 14:31:06
116,proudgarden83,proudgarden83@hackstack.io,2024-11-29 06:56:01
117,mellowuplink97,mellowuplink97@hackstack.io,2025-01-07 18:52:18
118,keenpioneer07,keenpioneer07@seeded.app,2025-09-28 09:24:56
119,dawnharvest18,dawnharvest18@opswise.net,2025-03-05 14:22:40
120,livelyisland18,livelyisland18@acme.dev,2024-09-10 12:06:53
121,rapidanchor73,rapidanchor73@acme.dev,2025-08-17 03:37:42
122,ivoryuplink53,ivoryuplink53@relay.cloud,2025-09-25 21:34:41
123,livelyuplink38,livelyuplink38@seeded.app,2024-12-31 13:11:49
124,briskengine55,briskengine55@example.com,2024-05-21 00:53:37
125,urbanyard64,urbanyard64@hackstack.io,2025-08-06 22:39:20
126,briskmeadow02,briskmeadow02@hackstack.io,2024-07-20 21:31:19
127,youngfield24,youngfield24@seeded.app,2024-06-21 12:36:57
128,emberuplink19,emberuplink19@example.com,2025-07-24 00:27:29
129,opalriver64,opalriver64@relay.cloud,2024-04-13 01:49:40
130,mellownetwork69,mellownetwork69@relay.cloud,2024-01-25 19:23:19
131,ivoryengine03,ivoryengine03@hackstack.io,2024-09-05 21:48:10
132,livelyquartz38,livelyquartz38@acme.dev,2025-05-17 09:51:48
133,briskzenith47,briskzenith47@example.com,2025-02-18 08:16:58
134,harborwindow48,harborwindow48@opswise.net,2024-02-16 02:05:35
135,goldnetwork02,goldnetwork02@example.com,2025-07-24 17:08:36
136,clearmeadow93,clearmeadow93@example.com,2025-01-31 02:49:36
137,clearpioneer56,clearpioneer56@hackstack.io,2024-02-02 05:29:06
138,cobalttrail57,cobalttrail57@example.com,2024-02-20 09:02:06
139,warmbeacon30,warmbeacon30@relay.cloud,2024-05-31 08:32:16
140,rapidfield65,rapidfield65@relay.cloud,2024-02-04 07:18:29
141,embernetwork58,embernetwork58@example.com,2024-03-08 14:29:36
142,rapidpioneer83,rapidpioneer83@hackstack.io,2024-03-12 16:22:11
143,urbanyard73,urbanyard73@relay.cloud,2025-07-09 05:30:15
144,navylagoon04,navylagoon04@acme.dev,2024-07-09 18:08:57
145,jadedelta01,jadedelta01@relay.cloud,2026-01-11 13:48:27
146,navyvalley80,navyvalley80@example.com,2024-02-04 18:37:13
147,amberkernel89,amberkernel89@hackstack.io,2025-10-13 06:17:24
148,jadekernel81,jadekernel81@acme.dev,2024-03-12 12:21:46
149,tidyanchor84,tidyanchor84@acme.dev,2024-08-18 23:42:06
150,mellowbeacon43,mellowbeacon43@hackstack.io,2024-09-16 21:14:11
151,youngnetwork77,youngnetwork77@example.com,2025-12-10 14:50:44
152,dawndelta49,dawndelta49@hackstack.io,2024-07-21 17:39:18
153,vividjourney14,vividjourney14@acme.dev,2024-09-27 17:08:40
154,cobaltnetwork37,cobaltnetwork37@example.com,2025-06-14 23:43:36
155,amberfield76,amberfield76@acme.dev,2025-02-24 00:18:28
156,livelymeadow73,livelymeadow73@opswise.net,2024-04-03 19:18:00
157,calmlagoon01,calmlagoon01@hackstack.io,2025-12-17 23:15:24
158,silverfield67,silverfield67@relay.cloud,2024-10-27 22:14:27
159,goldfield78,goldfield78@seeded.app,2024-11-30 18:39:20
160,warmvalley41,warmvalley41@example.com,2025-07-23 23:21:34
161,youngwindow67,youngwindow67@opswise.net,2024-09-25 10:36:56
162,ivorylagoon03,ivorylagoon03@example.com,2024-05-25 03:39:29
163,warmengine77,warmengine77@relay.cloud,2024-11-20 17:35:27
164,cobaltwindow26,cobaltwindow26@relay.cloud,2026-01-13 03:37:54
165,vividharvest94,vividharvest94@hackstack.io,2025-02-06 12:22:52
166,golddelta69,golddelta69@hackstack.io,2025-03-21 19:03:12
167,ivoryuplink19,ivoryuplink19@opswise.net,2025-04-13 19:00:21
168,opalfield75,opalfield75@seeded.app,2025-01-02 05:47:59
169,youngyard86,youngyard86@acme.dev,2024-05-03 07:01:57
170,quietwindow00,quietwindow00@seeded.app,2024-02-09 20:19:16
171,calmorbit46,calmorbit46@example.com,2025-03-18 14:22:10
172,goldriver46,goldriver46@hackstack.io,2025-02-20 01:56:45
173,ivoryuplink74,ivoryuplink74@relay.cloud,2024-10-12 05:51:29
174,amberdelta93,amberdelta93@hackstack.io,2025-08-24 23:44:33
175,calmharvest18,calmharvest18@acme.dev,2024-01-25 19:53:54
176,livelycanyon40,livelycanyon40@relay.cloud,2025-11-17 16:55:03
177,tidyfield74,tidyfield74@acme.dev,2024-09-03 04:46:37
178,jadepioneer34,jadepioneer34@example.com,2025-06-21 11:23:02
179,livelyfield10,livelyfield10@hackstack.io,2025-12-31 17:01:03
180,goldisland87,goldisland87@seeded.app,2025-07-23 23:33:14
181,ambernetwork65,ambernetwork65@seeded.app,2025-12-02 13:58:41
182,cobaltwindow88,cobaltwindow88@seeded.app,2025-10-14 16:54:49
183,ambersignal71,ambersignal71@hackstack.io,2025-10-25 09:07:50
184,proudgarden82,proudgarden82@relay.cloud,2024-01-15 14:44:52
185,calmriver08,calmriver08@relay.cloud,2024-06-03 02:39:54
186,livelyanchor25,livelyanchor25@hackstack.io,2025-02-08 15:38:10
187,briskwindow95,briskwindow95@relay.cloud,2024-02-10 11:14:33
188,cobaltcanyon59,cobaltcanyon59@seeded.app,2025-06-10 15:15:14
189,harborquartz89,harborquartz89@opswise.net,2024-12-15 21:48:50
190,dawnfield29,dawnfield29@relay.cloud,2024-10-06 08:35:20
191,urbannetwork31,urbannetwork31@acme.dev,2024-08-08 22:28:14
192,livelyriver17,livelyriver17@acme.dev,2025-03-10 08:20:21
193,forestharvest55,forestharvest55@seeded.app,2025-04-16 13:51:46
194,proudorbit26,proudorbit26@hackstack.io,2024-02-14 07:55:23
195,calmquartz96,calmquartz96@hackstack.io,2025-12-07 20:55:26
196,opalorbit62,opalorbit62@seeded.app,2025-10-29 03:15:54
197,harborfield43,harborfield43@seeded.app,2024-07-01 06:29:46
198,rapidwindow28,rapidwindow28@relay.cloud,2025-09-08 07:30:27
199,jadewindow30,jadewindow30@example.com,2025-03-10 01:25:23
200,quietpioneer69,quietpioneer69@acme.dev,2025-08-15 13:47:20
201,urbananchor62,urbananchor62@opswise.net,2026-01-13 08:13:52
202,quietfield92,quietfield92@example.com,2024-06-11 11:54:31
203,youngwindow15,youngwindow15@opswise.net,2024-06-15 23:54:02
204,harborpioneer80,harborpioneer80@acme.dev,2024-03-11 14:34:26
205,cobalttrail58,cobalttrail58@example.com,2024-04-14 11:24:39
206,mellowsignal13,mellowsignal13@example.com,2025-05-31 10:12:27
207,tidywindow66,tidywindow66@acme.dev,2025-06-24 03:44:57
208,silverengine78,silverengine78@hackstack.io,2024-10-10 16:36:43
209,harboruplink71,harboruplink71@example.com,2026-01-10 05:27:31
210,harborsignal48,harborsignal48@relay.cloud,2026-01-02 04:38:20
211,amberengine06,amberengine06@hackstack.io,2024-10-19 12:01:41
212,jadetrail81,jadetrail81@acme.dev,2025-04-01 01:43:24
213,youngyard92,youngyard92@example.com,2024-01-01 06:27:03
214,warmbeacon85,warmbeacon85@seeded.app,2024-03-04 11:32:29
215,forestquartz95,forestquartz95@example.com,2025-08-23 12:28:51
216,forestzenith15,forestzenith15@opswise.net,2024-09-20 10:43:31
217,navylagoon53,navylagoon53@acme.dev,2025-09-13 12:24:37
218,silvertrail12,silvertrail12@example.com,2025-10-02 11:06:48
219,opalharvest71,opalharvest71@seeded.app,2025-10-23 00:30:03
220,emberengine54,emberengine54@relay.cloud,2025-11-06 01:28:46
221,harborvalley88,harborvalley88@opswise.net,2026-01-01 23:14:41
222,ambervalley40,ambervalley40@relay.cloud,2024-04-04 13:57:21
223,embertrail94,embertrail94@relay.cloud,2024-03-20 21:30:46
224,vividuplink15,vividuplink15@acme.dev,2024-10-06 08:57:11
225,youngtrail63,youngtrail63@example.com,2024-09-13 09:36:21
226,youngbeacon92,youngbeacon92@opswise.net,2024-12-05 14:32:31
227,forestharvest39,forestharvest39@acme.dev,2024-05-30 05:07:59
228,navybeacon10,navybeacon10@acme.dev,2025-10-23 19:25:08
229,keenvalley31,keenvalley31@example.com,2024-06-24 23:08:59
230,tidyvalley73,tidyvalley73@acme.dev,2024-11-10 09:02:40
231,goldtrail79,goldtrail79@acme.dev,2025-01-16 13:47:51
232,jadebeacon04,jadebeacon04@acme.dev,2024-03-19 15:08:32
233,amberlagoon36,amberlagoon36@opswise.net,2025-11-18 21:42:19
234,youngfield75,youngfield75@example.com,2024-12-09 08:09:58
235,mellowvalley06,mellowvalley06@example.com,2025-09-19 10:34:49
236,keenengine71,keenengine71@example.com,2024-07-10 15:39:18
237,briskcanyon09,briskcanyon09@acme.dev,2024-04-24 12:00:50
238,keenwindow51,keenwindow51@acme.dev,2024-10-10 09:42:47
239,rapiddelta12,rapiddelta12@opswise.net,2024-10-17 05:24:48
240,opalgarden58,opalgarden58@example.com,2025-06-27 03:33:10
241,clearcanyon00,clearcanyon00@example.com,2024-03-27 04:13:25
242,proudkernel16,proudkernel16@relay.cloud,2024-06-16 09:07:45
243,warmorbit78,warmorbit78@acme.dev,2024-03-04 14:14:22
244,navyjourney19,navyjourney19@seeded.app,2025-07-18 09:51:56
245,forestzenith30,forestzenith30@relay.cloud,2025-08-11 19:26:55
246,tidyfield80,tidyfield80@acme.dev,2025-03-22 04:07:42
247,vividyard21,vividyard21@seeded.app,2025-06-03 06:50:20
248,melloworbit37,melloworbit37@example.com,2025-08-26 06:40:51
249,jademeadow00,jademeadow00@hackstack.io,2024-03-20 07:21:20
250,urbancanyon60,urbancanyon60@relay.cloud,2025-01-04 08:48:57
251,warmanchor58,warmanchor58@seeded.app,2025-02-25 11:43:30
252,tidyfield61,tidyfield61@hackstack.io,2025-03-21 19:26:21
253,youngvalley13,youngvalley13@relay.cloud,2025-03-29 23:33:25
254,embervalley71,embervalley71@opswise.net,2024-07-28 20:36:05
255,proudisland89,proudisland89@hackstack.io,2024-07-17 15:05:14
256,ivoryharvest74,ivoryharvest74@relay.cloud,2024-05-01 23:47:43
257,jadeorbit00,jadeorbit00@acme.dev,2025-07-31 06:47:44
258,silverorbit17,silverorbit17@acme.dev,2024-08-17 22:05:18
259,goldquartz37,goldquartz37@seeded.app,2025-08-15 23:24:44
260,urbanriver91,urbanriver91@example.com,2024-03-12 07:39:31
261,mellowtrail89,mellowtrail89@example.com,2025-11-11 01:17:14
262,keenriver01,keenriver01@relay.cloud,2024-09-12 07:53:39
263,keendelta76,keendelta76@hackstack.io,2024-05-17 13:05:41
264,keenpioneer06,keenpioneer06@relay.cloud,2025-12-05 08:05:21
265,amberfield65,amberfield65@acme.dev,2026-01-18 16:38:54
266,mellowengine00,mellowengine00@opswise.net,2024-11-27 18:00:00
267,proudmeadow61,proudmeadow61@example.com,2024-08-02 10:07:02
268,harbordelta30,harbordelta30@example.com,2024-05-24 07:38:37
269,cobaltuplink39,cobaltuplink39@hackstack.io,2025-02-25 11:57:41
270,keenisland86,keenisland86@opswise.net,2024-03-04 20:33:21
271,warmorbit42,warmorbit42@example.com,2025-10-06 02:15:20
272,proudbeacon09,proudbeacon09@acme.dev,2024-06-06 10:32:33
273,mellowdelta76,mellowdelta76@relay.cloud,2024-10-02 07:16:05
274,cobaltnetwork31,cobaltnetwork31@hackstack.io,2025-05-24 16:36:10
275,proudjourney04,proudjourney04@hackstack.io,2025-09-12 16:34:24
276,cleardelta99,cleardelta99@opswise.net,2025-11-12 23:40:37
277,vividpioneer61,vividpioneer61@opswise.net,2025-07-05 03:48:57
278,mellowmeadow42,mellowmeadow42@opswise.net,2024-09-05 16:31:29
279,foresttrail31,foresttrail31@opswise.net,2025-11-24 04:05:42
280,opaltrail05,opaltrail05@hackstack.io,2024-08-17 20:14:47
281,rapidriver76,rapidriver76@seeded.app,2024-04-06 17:31:04
282,keenanchor52,keenanchor52@hackstack.io,2024-11-30 15:02:26
283,calmsignal03,calmsignal03@opswise.net,2025-05-30 00:25:11
284,clearorbit70,clearorbit70@hackstack.io,2024-03-18 12:15:18
285,goldbeacon70,goldbeacon70@acme.dev,2025-07-20 00:50:25
286,jadekernel05,jadekernel05@hackstack.io,2025-11-25 21:31:12
287,opaljourney93,opaljourney93@hackstack.io,2024-08-10 20:29:37
288,rapidgarden78,rapidgarden78@acme.dev,2024-11-03 05:27:55
289,cobaltcanyon66,cobaltcanyon66@seeded.app,2024-11-04 04:26:37
290,tidybeacon59,tidybeacon59@example.com,2024-02-13 21:03:35
291,mellownetwork83,mellownetwork83@hackstack.io,2024-06-27 16:10:31
292,urbanbeacon54,urbanbeacon54@opswise.net,2024-08-18 03:40:37
293,jadeengine28,jadeengine28@relay.cloud,2025-12-01 15:47:21
294,warmwindow17,warmwindow17@example.com,2024-06-10 09:36:33
295,mellowtrail45,mellowtrail45@opswise.net,2025-04-20 09:46:56
296,urbanquartz45,urbanquartz45@seeded.app,2024-07-19 19:45:10
297,vividlagoon69,vividlagoon69@example.com,2024-11-23 23:24:41
298,clearyard39,clearyard39@relay.cloud,2025-10-05 00:53:11
299,youngdelta41,youngdelta41@opswise.net,2025-06-20 01:15:51
300,tidybeacon91,tidybeacon91@relay.cloud,2024-04-25 21:14:55
301,keenengine41,keenengine41@example.com,2025-09-04 16:33:03
302,tidyriver53,tidyriver53@example.com,2024-10-07 06:42:22
303,ivorygarden47,ivorygarden47@opswise.net,2024-01-12 23:49:32
304,quietmeadow35,quietmeadow35@example.com,2025-07-27 10:26:19
305,opalbeacon60,opalbeacon60@hackstack.io,2024-11-11 21:24:50
306,proudpioneer02,proudpioneer02@seeded.app,2025-09-11 07:29:47
307,keenyard37,keenyard37@seeded.app,2024-01-19 05:00:31
308,silvervalley06,silvervalley06@opswise.net,2024-02-16 20:57:56
309,cobaltdelta53,cobaltdelta53@example.com,2025-02-18 12:22:32
310,youngbeacon31,youngbeacon31@relay.cloud,2024-12-02 09:30:35
311,dawnkernel33,dawnkernel33@seeded.app,2024-03-18 07:58:50
312,warmorbit71,warmorbit71@hackstack.io,2024-10-08 21:17:23
313,calmisland05,calmisland05@hackstack.io,2024-08-27 18:51:46
314,dawncanyon14,dawncanyon14@example.com,2024-02-14 11:09:03
315,warmyard18,warmyard18@relay.cloud,2024-11-16 09:41:14
316,jadevalley50,jadevalley50@acme.dev,2025-05-09 03:39:37
317,opalyard05,opalyard05@opswise.net,2024-04-30 01:01:20
318,quiettrail77,quiettrail77@opswise.net,2024-04-28 06:39:21
319,forestgarden16,forestgarden16@example.com,2024-06-24 07:56:05
320,forestquartz22,forestquartz22@acme.dev,2024-02-02 05:26:18
321,dawntrail46,dawntrail46@relay.cloud,2024-05-14 15:32:44
322,clearisland75,clearisland75@opswise.net,2024-11-04 04:20:17
323,proudvalley95,proudvalley95@example.com,2026-01-30 09:25:32
324,ivorykernel28,ivorykernel28@seeded.app,2024-06-17 06:31:02
325,vividgarden56,vividgarden56@seeded.app,2024-06-16 11:25:18
326,navyzenith82,navyzenith82@acme.dev,2024-03-15 17:04:07
327,ivorypioneer63,ivorypioneer63@relay.cloud,2024-09-28 14:24:30
328,vividtrail49,vividtrail49@acme.dev,2025-09-28 12:44:30
329,brisktrail65,brisktrail65@example.com,2025-02-04 20:01:43
330,youngharvest76,youngharvest76@hackstack.io,2024-05-21 06:36:28
331,livelyjourney37,livelyjourney37@opswise.net,2024-02-18 22:53:26
332,navyengine18,navyengine18@acme.dev,2025-06-27 19:01:45
333,tidydelta25,tidydelta25@hackstack.io,2025-03-03 07:29:46
334,dawnuplink74,dawnuplink74@hackstack.io,2025-10-07 12:14:13
335,rapidnetwork24,rapidnetwork24@example.com,2025-11-21 18:23:20
336,tidyuplink13,tidyuplink13@acme.dev,2025-08-03 18:54:34
337,navytrail89,navytrail89@example.com,2025-11-05 09:47:10
338,amberlagoon53,amberlagoon53@opswise.net,2024-08-18 12:21:01
339,urbanzenith15,urbanzenith15@acme.dev,2025-02-19 01:18:04
340,mellowkernel22,mellowkernel22@relay.cloud,2024-05-17 11:00:38
341,ivorywindow12,ivorywindow12@seeded.app,2025-11-30 07:58:56
342,tidykernel59,tidykernel59@seeded.app,2024-06-14 12:15:13
343,navyquartz64,navyquartz64@opswise.net,2025-11-16 22:10:47
344,goldengine90,goldengine90@acme.dev,2025-06-10 23:40:36
345,quietanchor54,quietanchor54@relay.cloud,2024-04-14 12:21:49
346,jadequartz73,jadequartz73@hackstack.io,2024-11-25 21:56:04
347,navyyard54,navyyard54@relay.cloud,2024-11-13 03:03:32
348,dawnjourney72,dawnjourney72@relay.cloud,2026-01-29 17:25:34
349,harbormeadow55,harbormeadow55@opswise.net,2024-12-19 03:54:19
350,briskvalley73,briskvalley73@example.com,2024-03-24 18:05:53
351,quietmeadow23,quietmeadow23@seeded.app,2025-03-16 21:27:17
352,ivorykernel24,ivorykernel24@relay.cloud,2024-01-23 14:58:50
353,cobaltgarden12,cobaltgarden12@example.com,2025-07-30 10:59:15
354,warmbeacon10,warmbeacon10@opswise.net,2024-10-23 13:10:46
355,goldbeacon28,goldbeacon28@opswise.net,2025-04-23 18:32:33
356,mellowriver81,mellowriver81@relay.cloud,2024-11-14 06:34:20
357,emberjourney41,emberjourney41@seeded.app,2024-11-24 14:43:48
358,livelygarden32,livelygarden32@relay.cloud,2024-02-10 13:10:49
359,dawnmeadow33,dawnmeadow33@relay.cloud,2025-12-23 18:38:31
360,cobaltuplink05,cobaltuplink05@opswise.net,2025-08-25 00:34:22
361,navycanyon81,navycanyon81@hackstack.io,2025-08-07 13:08:10
362,emberjourney79,emberjourney79@hackstack.io,2024-09-20 02:14:31
363,emberanchor39,emberanchor39@seeded.app,2024-09-26 02:36:38
364,ivoryanchor16,ivoryanchor16@seeded.app,2025-05-06 07:22:10
365,urbanengine44,urbanengine44@relay.cloud,2025-04-25 15:01:37
366,goldmeadow14,goldmeadow14@hackstack.io,2026-01-19 05:53:13
367,cleargarden88,cleargarden88@acme.dev,2025-03-14 09:48:59
368,cobaltgarden92,cobaltgarden92@example.com,2024-04-17 07:13:14
369,vividjourney61,vividjourney61@acme.dev,2024-08-11 02:08:39
370,amberisland16,amberisland16@example.com,2025-06-08 09:23:06
371,navyzenith49,navyzenith49@acme.dev,2025-01-22 09:00:19
372,calmmeadow54,calmmeadow54@seeded.app,2024-09-21 17:51:58
373,briskyard04,briskyard04@opswise.net,2025-08-30 23:28:26
374,vividtrail97,vividtrail97@relay.cloud,2024-05-08 05:31:08
375,urbanzenith04,urbanzenith04@acme.dev,2025-09-06 20:04:07
376,clearyard34,clearyard34@relay.cloud,2025-06-15 11:24:36
377,youngjourney47,youngjourney47@relay.cloud,2025-08-12 05:59:34
378,vividgarden07,vividgarden07@relay.cloud,2025-06-09 15:34:13
379,urbanengine00,urbanengine00@hackstack.io,2025-04-16 06:28:51
380,livelykernel56,livelykernel56@example.com,2025-05-25 22:42:15
381,mellowyard54,mellowyard54@example.com,2024-02-24 01:32:22
382,mellowcanyon20,mellowcanyon20@hackstack.io,2025-03-14 17:50:08
383,dawnlagoon73,dawnlagoon73@acme.dev,2025-01-22 17:54:27
384,clearisland55,clearisland55@acme.dev,2025-06-22 21:06:48
385,opalgarden74,opalgarden74@example.com,2025-06-05 19:38:19
386,ivorywindow42,ivorywindow42@acme.dev,2024-10-13 13:27:25
387,cobaltjourney90,cobaltjourney90@example.com,2025-12-08 23:45:52
388,emberisland58,emberisland58@relay.cloud,2026-01-10 16:21:56
389,urbanyard82,urbanyard82@example.com,2025-10-06 13:03:34
390,jadenetwork18,jadenetwork18@hackstack.io,2024-03-05 10:33:06
391,forestmeadow19,forestmeadow19@opswise.net,2025-09-12 23:08:08
392,dawnuplink28,dawnuplink28@example.com,2024-02-29 19:20:02
393,youngisland21,youngisland21@hackstack.io,2024-06-14 11:51:50
394,jadeorbit89,jadeorbit89@seeded.app,2024-09-10 09:12:09
395,navygarden14,navygarden14@opswise.net,2024-05-23 17:24:05
396,urbannetwork35,urbannetwork35@relay.cloud,2024-03-14 02:16:54
397,quietengine49,quietengine49@hackstack.io,2024-02-19 11:49:54
398,tidyorbit93,tidyorbit93@seeded.app,2025-03-30 10:37:28
399,calmvalley12,calmvalley12@relay.cloud,2024-08-13 08:23:40
400,warmorbit02,warmorbit02@example.com,2026-01-20 13:56:28
